{"ackley": {"2": {"constant": {"min": 126.0, "max": 2941.0, "mean": 837.15, "std": 807.5741622290797, "params": "1", "tabu": "5"}, "logarithmic": {"min": 242.0, "max": 2363.0, "mean": 1061.15, "std": 669.7008492603246, "params": "10", "tabu": "10"}, "geometric": {"min": 497.0, "max": 5933.0, "mean": 2400.15, "std": 1503.2664193349094, "params": "(1, 0.98)", "tabu": "10"}, "adaptive": {"min": 131.0, "max": 10000.0, "mean": 2051.5, "std": 2790.7508935768524, "params": "(1, 1.0, 0.01)", "tabu": "5"}}, "5": {"constant": {"min": 2298.0, "max": 10000.0, "mean": 8100.9, "std": 2663.517109012067, "params": "1", "tabu": "5"}, "logarithmic": {"min": 3397.0, "max": 10000.0, "mean": 8324.8, "std": 2368.8917366566166, "params": "10", "tabu": "5"}, "geometric": {"min": 10000.0, "max": 10000.0, "mean": 10000.0, "std": 0.0, "params": "(0.1, 0.9)", "tabu": "0"}, "adaptive": {"min": 3288.0, "max": 10000.0, "mean": 9345.4, "std": 1964.5014736568662, "params": "(10000, 1.0, 0.02)", "tabu": "5"}}, "10": {"constant": {"min": 10000.0, "max": 10000.0, "mean": 10000.0, "std": 0.0, "params": "0.1", "tabu": "0"}, "logarithmic": {"min": 9018.0, "max": 10000.0, "mean": 9950.9, "std": 214.02193812784708, "params": "1", "tabu": "5"}, "geometric": {"min": 10000.0, "max": 10000.0, "mean": 10000.0, "std": 0.0, "params": "(0.1, 0.9)", "tabu": "0"}, "adaptive": {"min": 10000.0, "max": 10000.0, "mean": 10000.0, "std": 0.0, "params": "(0.1, 0.5, 0.01)", "tabu": "0"}}}, "griewank": {"2": {"constant": {"min": 359.0, "max": 781.0, "mean": 568.65, "std": 120.38076050598784, "params": "0.1", "tabu": "10"}, "logarithmic": {"min": 223.0, "max": 1223.0, "mean": 574.5, "std": 271.11040186610325, "params": "1", "tabu": "10"}, "geometric": {"min": 328.0, "max": 1277.0, "mean": 731.6, "std": 298.41253324885673, "params": "(10, 0.99)", "tabu": "10"}, "adaptive": {"min": 417.0, "max": 1490.0, "mean": 916.45, "std": 358.43025472189146, "params": "(10, 1.5, 0.01)", "tabu": "5"}}, "5": {"constant": {"min": 752.0, "max": 10000.0, "mean": 5173.4, "std": 2994.0615457936065, "params": "0.1", "tabu": "10"}, "logarithmic": {"min": 1178.0, "max": 10000.0, "mean": 4188.75, "std": 2975.46535646107, "params": "1", "tabu": "10"}, "geometric": {"min": 1587.0, "max": 10000.0, "mean": 9579.35, "std": 1833.5708406003844, "params": "(1, 0.96)", "tabu": "10"}, "adaptive": {"min": 1587.0, "max": 10000.0, "mean": 9579.35, "std": 1833.5708406003844, "params": "(1, 1.0, 0.04)", "tabu": "10"}}, "10": {"constant": {"min": 4664.0, "max": 10000.0, "mean": 9720.6, "std": 1161.3593931251428, "params": "0.1", "tabu": "0"}, "logarithmic": {"min": 1148.0, "max": 10000.0, "mean": 9117.65, "std": 2647.065342506679, "params": "0.1", "tabu": "5"}, "geometric": {"min": 1108.0, "max": 10000.0, "mean": 8233.05, "std": 3534.01682897804, "params": "(1000, 0.92)", "tabu": "5"}, "adaptive": {"min": 1075.0, "max": 10000.0, "mean": 7463.6, "std": 3897.566656261314, "params": "(10, 2.0, 0.05)", "tabu": "5"}}}, "rastrigin": {"2": {"constant": {"min": 314.0, "max": 10000.0, "mean": 4875.65, "std": 3171.590394029469, "params": "10", "tabu": "10"}, "logarithmic": {"min": 543.0, "max": 10000.0, "mean": 6555.55, "std": 3523.181197085952, "params": "100", "tabu": "5"}, "geometric": {"min": 305.0, "max": 10000.0, "mean": 9038.4, "std": 2884.908168382488, "params": "(1000, 0.99)", "tabu": "5"}, "adaptive": {"min": 642.0, "max": 10000.0, "mean": 5994.95, "std": 3668.9092721815837, "params": "(100, 0.5, 0.05)", "tabu": "5"}}, "5": {"constant": {"min": 10000.0, "max": 10000.0, "mean": 10000.0, "std": 0.0, "params": "0.1", "tabu": "0"}, "logarithmic": {"min": 10000.0, "max": 10000.0, "mean": 10000.0, "std": 0.0, "params": "0.1", "tabu": "0"}, "geometric": {"min": 10000.0, "max": 10000.0, "mean": 10000.0, "std": 0.0, "params": "(0.1, 0.9)", "tabu": "0"}, "adaptive": {"min": 10000.0, "max": 10000.0, "mean": 10000.0, "std": 0.0, "params": "(0.1, 0.5, 0.01)", "tabu": "0"}}, "10": {"constant": {"min": 10000.0, "max": 10000.0, "mean": 10000.0, "std": 0.0, "params": "0.1", "tabu": "0"}, "logarithmic": {"min": 10000.0, "max": 10000.0, "mean": 10000.0, "std": 0.0, "params": "0.1", "tabu": "0"}, "geometric": {"min": 10000.0, "max": 10000.0, "mean": 10000.0, "std": 0.0, "params": "(0.1, 0.9)", "tabu": "0"}, "adaptive": {"min": 10000.0, "max": 10000.0, "mean": 10000.0, "std": 0.0, "params": "(0.1, 0.5, 0.01)", "tabu": "0"}}}}