{"ackley": {"2": {"0": {"const": 0.1, "adaptive": [1.5, 0.08], "logarithmic": 1.9, "geometrical": [1.0, 0.99]}, "5": {"const": 0.001, "adaptive": [1.5, 0.06999999999999999], "logarithmic": 1.8, "geometrical": [1.0, 0.97]}, "10": {"const": 0.001, "adaptive": [2.0, 0.09], "logarithmic": 1.7000000000000002, "geometrical": [1.0, 0.99]}, "15": {"const": 0.1, "adaptive": [2.0, 0.09999999999999999], "logarithmic": 1.8, "geometrical": [1.0, 0.9500000000000001]}}, "5": {"0": {"const": 0.1, "adaptive": [1.0, 0.09], "logarithmic": 1.5, "geometrical": [1.0, 0.99]}, "5": {"const": 0.1, "adaptive": [2.0, 0.09999999999999999], "logarithmic": 1.2, "geometrical": [1.0, 0.99]}, "10": {"const": 0.1, "adaptive": [2.0, 0.05], "logarithmic": 1.0, "geometrical": [1.0, 0.99]}, "15": {"const": 0.1, "adaptive": [2.0, 0.060000000000000005], "logarithmic": 1.2, "geometrical": [1.0, 0.99]}}, "10": {"0": {"const": 0.1, "adaptive": [1.0, 0.06999999999999999], "logarithmic": 1.0, "geometrical": [1.0, 0.99]}, "5": {"const": 0.1, "adaptive": [2.0, 0.09999999999999999], "logarithmic": 1.1, "geometrical": [1.0, 0.99]}, "10": {"const": 0.1, "adaptive": [0.5, 0.02], "logarithmic": 1.3, "geometrical": [1.0, 0.99]}, "15": {"const": 0.1, "adaptive": [2.0, 0.02], "logarithmic": 1.0, "geometrical": [1.0, 0.99]}}}, "griewank": {"2": {"0": {"const": 0.001, "adaptive": [2.0, 0.09999999999999999], "logarithmic": 1.0, "geometrical": [0.001, 0.9500000000000001]}, "5": {"const": 0.001, "adaptive": [2.0, 0.09999999999999999], "logarithmic": 1.0, "geometrical": [0.1, 0.91]}, "10": {"const": 0.001, "adaptive": [2.0, 0.08], "logarithmic": 1.0, "geometrical": [0.001, 0.97]}, "15": {"const": 0.001, "adaptive": [1.5, 0.08], "logarithmic": 1.0, "geometrical": [0.001, 0.93]}}, "5": {"0": {"const": 0.001, "adaptive": [1.5, 0.05], "logarithmic": 1.0, "geometrical": [0.001, 0.91]}, "5": {"const": 0.001, "adaptive": [1.5, 0.060000000000000005], "logarithmic": 1.0, "geometrical": [0.001, 0.93]}, "10": {"const": 0.001, "adaptive": [1.5, 0.06999999999999999], "logarithmic": 1.0, "geometrical": [0.001, 0.91]}, "15": {"const": 0.001, "adaptive": [1.5, 0.09999999999999999], "logarithmic": 1.0, "geometrical": [0.01, 0.97]}}, "10": {"0": {"const": 0.001, "adaptive": [1.0, 0.08], "logarithmic": 1.5, "geometrical": [0.001, 0.9500000000000001]}, "5": {"const": 0.001, "adaptive": [0.5, 0.09], "logarithmic": 1.2, "geometrical": [0.001, 0.91]}, "10": {"const": 0.001, "adaptive": [1.0, 0.04], "logarithmic": 1.3, "geometrical": [0.001, 0.99]}, "15": {"const": 0.001, "adaptive": [1.5, 0.09999999999999999], "logarithmic": 1.3, "geometrical": [0.001, 0.9500000000000001]}}}, "rastrigin": {"2": {"0": {"const": 0.001, "adaptive": [2.0, 0.05], "logarithmic": 2.0, "geometrical": [10.0, 0.99]}, "5": {"const": 1.0, "adaptive": [1.0, 0.01], "logarithmic": 1.0, "geometrical": [10.0, 0.97]}, "10": {"const": 0.01, "adaptive": [2.0, 0.05], "logarithmic": 1.2, "geometrical": [10.0, 0.97]}, "15": {"const": 0.1, "adaptive": [1.5, 0.04], "logarithmic": 2.0, "geometrical": [1.0, 0.99]}}, "5": {"0": {"const": 10.0, "adaptive": [1.0, 0.05], "logarithmic": 1.5, "geometrical": [100.0, 0.99]}, "5": {"const": 10.0, "adaptive": [1.5, 0.01], "logarithmic": 1.0, "geometrical": [10.0, 0.99]}, "10": {"const": 10.0, "adaptive": [0.5, 0.01], "logarithmic": 1.9, "geometrical": [10.0, 0.99]}, "15": {"const": 10.0, "adaptive": [2.0, 0.02], "logarithmic": 1.5, "geometrical": [100.0, 0.99]}}, "10": {"0": {"const": 10.0, "adaptive": [0.5, 0.03], "logarithmic": 1.9, "geometrical": [100.0, 0.99]}, "5": {"const": 10.0, "adaptive": [0.5, 0.06999999999999999], "logarithmic": 1.6, "geometrical": [100.0, 0.99]}, "10": {"const": 10.0, "adaptive": [2.0, 0.060000000000000005], "logarithmic": 1.0, "geometrical": [100.0, 0.99]}, "15": {"const": 10.0, "adaptive": [1.5, 0.04], "logarithmic": 1.2, "geometrical": [100.0, 0.99]}}}}